<?xml version="1.0" encoding="UTF-8"?>

<FLOW VERSION="3.0" CLEANUP="false">
  <COMMENT></COMMENT>

  <!-- nodes -->

<INVOKE SERVICE="pub.client.ftp:login">

  <!-- nodes -->

<MAP MODE="INPUT">
</MAP>

<MAP MODE="OUTPUT">
</MAP>
</INVOKE>

<INVOKE SERVICE="pub.client.ftp:cd">

  <!-- nodes -->

<MAP MODE="INPUT">
</MAP>

<MAP MODE="OUTPUT">
</MAP>
</INVOKE>

<BRANCH TIMEOUT="" SWITCH="/command">
  <COMMENT>Process</COMMENT>

  <!-- nodes -->

<INVOKE NAME="ls" TIMEOUT="" SERVICE="pub.client.ftp:ls">
  <COMMENT></COMMENT>

  <!-- nodes -->

<MAP MODE="INPUT">
</MAP>

<MAP MODE="OUTPUT">
</MAP>
</INVOKE>

<INVOKE NAME="get" TIMEOUT="" SERVICE="pub.client.ftp:get">
  <COMMENT></COMMENT>

  <!-- nodes -->

<MAP MODE="INPUT">
</MAP>

<MAP MODE="OUTPUT">
</MAP>
</INVOKE>

<INVOKE NAME="put" TIMEOUT="" SERVICE="pub.client.ftp:put">
  <COMMENT></COMMENT>

  <!-- nodes -->

<MAP MODE="INPUT">
</MAP>

<MAP MODE="OUTPUT">
</MAP>
</INVOKE>
</BRANCH>

<INVOKE SERVICE="pub.client.ftp:logout">

  <!-- nodes -->

<MAP MODE="INPUT">
</MAP>

<MAP MODE="OUTPUT">
</MAP>
</INVOKE>
</FLOW>
